{"count": 9030, "next": null, "previous": "https://www.udemy.com/api-2.0/courses/?language=pt&page=90&page_size=100", "results": [{"_class": "course", "id": 2614632, "title": "Como viver bem dentro do casamento!", "url": "/course/leidywilliancomo-viver-bem-dentro-do-casamento/", "is_paid": false, "price": "Free", "price_detail": null, "visible_instructors": [{"_class": "user", "title": "Leidiana sousa", "name": "Leidiana", "display_name": "Leidiana sousa", "job_title": "Pedagoga", "image_50x50": "https://i.udemycdn.com/user/50x50/73761258_fe27_4.jpg", "image_100x100": "https://i.udemycdn.com/user/100x100/73761258_fe27_4.jpg", "initials": "LS", "url": "/user/leidiana-sousa/"}], "image_125_H": "https://i.udemycdn.com/course/125_H/2614632_140a_3.jpg", "image_240x135": "https://i.udemycdn.com/course/240x135/2614632_140a_3.jpg", "is_practice_test_course": false, "image_480x270": "https://i.udemycdn.com/course/480x270/2614632_140a_3.jpg", "published_title": "leidywilliancomo-viver-bem-dentro-do-casamento", "predictive_score": null, "relevancy_score": 0, "input_features": null, "lecture_search_result": null, "curriculum_lectures": [], "order_in_results": null}, {"_class": "course", "id": 2627260, "title": "Como usar robôs Inteligente no Mercado Bovespa", "url": "/course/como-usar-robos-inteligente-no-mercado-bovespa/", "is_paid": false, "price": "Free", "price_detail": null, "visible_instructors": [{"_class": "user", "title": "Vinicius de Souza", "name": "Vinicius", "display_name": "Vinicius de Souza", "job_title": "Trader em Mercado Financeiro", "image_50x50": "https://i.udemycdn.com/user/50x50/35693476_63d5_2.jpg", "image_100x100": "https://i.udemycdn.com/user/100x100/35693476_63d5_2.jpg", "initials": "VD", "url": "/user/vinicius-de-souza-7/"}], "image_125_H": "https://i.udemycdn.com/course/125_H/2627260_a978.jpg", "image_240x135": "https://i.udemycdn.com/course/240x135/2627260_a978.jpg", "is_practice_test_course": false, "image_480x270": "https://i.udemycdn.com/course/480x270/2627260_a978.jpg", "published_title": "como-usar-robos-inteligente-no-mercado-bovespa", "predictive_score": null, "relevancy_score": 0, "input_features": null, "lecture_search_result": null, "curriculum_lectures": [], "order_in_results": null}, {"_class": "course", "id": 2596214, "title": "CHRLZ Marketing Digital - Como vender!", "url": "/course/chrlz-marketing-digital-como-vender/", "is_paid": false, "price": "Free", "price_detail": null, "visible_instructors": [{"_class": "user", "title": "Charles de Souza Cruz", "name": "Charles de Souza", "display_name": "Charles de Souza Cruz", "job_title": "Gerente de marketing digital", "image_50x50": "https://i.udemycdn.com/user/50x50/66771490_48c0.jpg", "image_100x100": "https://i.udemycdn.com/user/100x100/66771490_48c0.jpg", "initials": "CC", "url": "/user/charles-de-souza-cruz/"}], "image_125_H": "https://i.udemycdn.com/course/125_H/2596214_4776.jpg", "image_240x135": "https://i.udemycdn.com/course/240x135/2596214_4776.jpg", "is_practice_test_course": false, "image_480x270": "https://i.udemycdn.com/course/480x270/2596214_4776.jpg", "published_title": "chrlz-marketing-digital-como-vender", "predictive_score": null, "relevancy_score": 0, "input_features": null, "lecture_search_result": null, "curriculum_lectures": [], "order_in_results": null}, {"_class": "course", "id": 2600896, "title": "Flambagem em elementos estruturais", "url": "/course/flambagem-elementos-estruturais/", "is_paid": false, "price": "Free", "price_detail": null, "visible_instructors": [{"_class": "user", "title": "Banca Virtual", "name": "Banca", "display_name": "Banca Virtual", "job_title": "BANCA VIRTUAL NA  UDEMY", "image_50x50": "https://i.udemycdn.com/user/50x50/79272470_6e43_2.jpg", "image_100x100": "https://i.udemycdn.com/user/100x100/79272470_6e43_2.jpg", "initials": "BV", "url": "/user/banca-virtual/"}], "image_125_H": "https://i.udemycdn.com/course/125_H/2600896_df95.jpg", "image_240x135": "https://i.udemycdn.com/course/240x135/2600896_df95.jpg", "is_practice_test_course": false, "image_480x270": "https://i.udemycdn.com/course/480x270/2600896_df95.jpg", "published_title": "flambagem-elementos-estruturais", "predictive_score": null, "relevancy_score": 0, "input_features": null, "lecture_search_result": null, "curriculum_lectures": [], "order_in_results": null}, {"_class": "course", "id": 2613650, "title": "Sucesso é decisão", "url": "/course/sucesso-e-decisao/", "is_paid": false, "price": "Free", "price_detail": null, "visible_instructors": [{"_class": "user", "title": "Leidiana sousa", "name": "Leidiana", "display_name": "Leidiana sousa", "job_title": "Pedagoga", "image_50x50": "https://i.udemycdn.com/user/50x50/73761258_fe27_4.jpg", "image_100x100": "https://i.udemycdn.com/user/100x100/73761258_fe27_4.jpg", "initials": "LS", "url": "/user/leidiana-sousa/"}], "image_125_H": "https://i.udemycdn.com/course/125_H/2613650_91ce.jpg", "image_240x135": "https://i.udemycdn.com/course/240x135/2613650_91ce.jpg", "is_practice_test_course": false, "image_480x270": "https://i.udemycdn.com/course/480x270/2613650_91ce.jpg", "published_title": "sucesso-e-decisao", "predictive_score": null, "relevancy_score": 0, "input_features": null, "lecture_search_result": null, "curriculum_lectures": [], "order_in_results": null}, {"_class": "course", "id": 2627718, "title": "Aprenda a Confeccionar Quiet Book", "url": "/course/quietbookfrutinhas/", "is_paid": false, "price": "Free", "price_detail": null, "visible_instructors": [{"_class": "user", "title": "Daienne Amaral Vilas Boas", "name": "Daienne Amaral Vilas", "display_name": "Daienne Amaral Vilas Boas", "job_title": "Artesã- trabalhos em feltro", "image_50x50": "https://i.udemycdn.com/user/50x50/59825495_06fe_2.jpg", "image_100x100": "https://i.udemycdn.com/user/100x100/59825495_06fe_2.jpg", "initials": "DB", "url": "/user/daienne-amaral-vilas-boas/"}], "image_125_H": "https://i.udemycdn.com/course/125_H/2627718_aaea.jpg", "image_240x135": "https://i.udemycdn.com/course/240x135/2627718_aaea.jpg", "is_practice_test_course": false, "image_480x270": "https://i.udemycdn.com/course/480x270/2627718_aaea.jpg", "published_title": "quietbookfrutinhas", "predictive_score": null, "relevancy_score": 0, "input_features": null, "lecture_search_result": null, "curriculum_lectures": [], "order_in_results": null}, {"_class": "course", "id": 2627150, "title": "Mercado Bovespa para Iniciantes", "url": "/course/mercado-bovespa-para-iniciantes/", "is_paid": false, "price": "Free", "price_detail": null, "visible_instructors": [{"_class": "user", "title": "Vinicius de Souza", "name": "Vinicius", "display_name": "Vinicius de Souza", "job_title": "Trader em Mercado Financeiro", "image_50x50": "https://i.udemycdn.com/user/50x50/35693476_63d5_2.jpg", "image_100x100": "https://i.udemycdn.com/user/100x100/35693476_63d5_2.jpg", "initials": "VD", "url": "/user/vinicius-de-souza-7/"}], "image_125_H": "https://i.udemycdn.com/course/125_H/2627150_0bf7.jpg", "image_240x135": "https://i.udemycdn.com/course/240x135/2627150_0bf7.jpg", "is_practice_test_course": false, "image_480x270": "https://i.udemycdn.com/course/480x270/2627150_0bf7.jpg", "published_title": "mercado-bovespa-para-iniciantes", "predictive_score": null, "relevancy_score": 0, "input_features": null, "lecture_search_result": null, "curriculum_lectures": [], "order_in_results": null}, {"_class": "course", "id": 2581300, "title": "Como criar um painel de inspiração para sua coleção de moda", "url": "/course/como-criar-um-painel-de-inspiracao-para-sua-colecao-de-moda/", "is_paid": false, "price": "Free", "price_detail": null, "visible_instructors": [{"_class": "user", "title": "Priscila Costa Vitalino", "name": "Priscila Costa", "display_name": "Priscila Costa Vitalino", "job_title": "Designer de Moda", "image_50x50": "https://i.udemycdn.com/user/50x50/4729554_3732.jpg", "image_100x100": "https://i.udemycdn.com/user/100x100/4729554_3732.jpg", "initials": "PV", "url": "/user/priscilacostavitalino/"}], "image_125_H": "https://i.udemycdn.com/course/125_H/2581300_a95e_3.jpg", "image_240x135": "https://i.udemycdn.com/course/240x135/2581300_a95e_3.jpg", "is_practice_test_course": false, "image_480x270": "https://i.udemycdn.com/course/480x270/2581300_a95e_3.jpg", "published_title": "como-criar-um-painel-de-inspiracao-para-sua-colecao-de-moda", "predictive_score": null, "relevancy_score": 0, "input_features": null, "lecture_search_result": null, "curriculum_lectures": [], "order_in_results": null}, {"_class": "course", "id": 2488736, "title": "Resolução da Prova da EEAR (Física)", "url": "/course/resolucao-da-prova-da-eear-fisica-2017/", "is_paid": false, "price": "Free", "price_detail": null, "visible_instructors": [{"_class": "user", "title": "Caio Cesar Barroso Tavares", "name": "Caio Cesar Barroso", "display_name": "Caio Cesar Barroso Tavares", "job_title": "Físico", "image_50x50": "https://i.udemycdn.com/user/50x50/78059178_e92a.jpg", "image_100x100": "https://i.udemycdn.com/user/100x100/78059178_e92a.jpg", "initials": "CT", "url": "/user/caio-cesar-barroso-tavares/"}], "image_125_H": "https://i.udemycdn.com/course/125_H/2488736_970f_2.jpg", "image_240x135": "https://i.udemycdn.com/course/240x135/2488736_970f_2.jpg", "is_practice_test_course": false, "image_480x270": "https://i.udemycdn.com/course/480x270/2488736_970f_2.jpg", "published_title": "resolucao-da-prova-da-eear-fisica-2017", "predictive_score": null, "relevancy_score": 0, "input_features": null, "lecture_search_result": null, "curriculum_lectures": [], "order_in_results": null}, {"_class": "course", "id": 2604990, "title": "Aprenda a utilizar o sistema do Posvenda.online do zero", "url": "/course/aprenda-a-utilizar-o-sistema-do-posvendaonline-do-zero/", "is_paid": false, "price": "Free", "price_detail": null, "visible_instructors": [{"_class": "user", "title": "Wemerson Lemos", "name": "Wemerson", "display_name": "Wemerson Lemos", "job_title": "Especialista em Pós-venda", "image_50x50": "https://i.udemycdn.com/user/50x50/75797694_91ed_5.jpg", "image_100x100": "https://i.udemycdn.com/user/100x100/75797694_91ed_5.jpg", "initials": "WL", "url": "/user/wemerson-lemos/"}], "image_125_H": "https://i.udemycdn.com/course/125_H/2604990_5f9f.jpg", "image_240x135": "https://i.udemycdn.com/course/240x135/2604990_5f9f.jpg", "is_practice_test_course": false, "image_480x270": "https://i.udemycdn.com/course/480x270/2604990_5f9f.jpg", "published_title": "aprenda-a-utilizar-o-sistema-do-posvendaonline-do-zero", "predictive_score": null, "relevancy_score": 0, "input_features": null, "lecture_search_result": null, "curriculum_lectures": [], "order_in_results": null}, {"_class": "course", "id": 2506182, "title": "Práticas de Yoga para iniciantes", "url": "/course/praticas-de-yoga-para-iniciantes/", "is_paid": false, "price": "Free", "price_detail": null, "visible_instructors": [{"_class": "user", "title": "João Paulo Tanus", "name": "João Paulo", "display_name": "João Paulo Tanus", "job_title": "Professor de Yoga", "image_50x50": "https://i.udemycdn.com/user/50x50/79325516_b638.jpg", "image_100x100": "https://i.udemycdn.com/user/100x100/79325516_b638.jpg", "initials": "JT", "url": "/user/joao-paulo-tanus/"}], "image_125_H": "https://i.udemycdn.com/course/125_H/2506182_f83f_2.jpg", "image_240x135": "https://i.udemycdn.com/course/240x135/2506182_f83f_2.jpg", "is_practice_test_course": false, "image_480x270": "https://i.udemycdn.com/course/480x270/2506182_f83f_2.jpg", "published_title": "praticas-de-yoga-para-iniciantes", "predictive_score": null, "relevancy_score": 0, "input_features": null, "lecture_search_result": null, "curriculum_lectures": [], "order_in_results": null}, {"_class": "course", "id": 2394664, "title": "O poder das palavras", "url": "/course/o-poder-dassuas-palavras/", "is_paid": false, "price": "Free", "price_detail": null, "visible_instructors": [{"_class": "user", "title": "Leidiana sousa", "name": "Leidiana", "display_name": "Leidiana sousa", "job_title": "Pedagoga", "image_50x50": "https://i.udemycdn.com/user/50x50/73761258_fe27_4.jpg", "image_100x100": "https://i.udemycdn.com/user/100x100/73761258_fe27_4.jpg", "initials": "LS", "url": "/user/leidiana-sousa/"}], "image_125_H": "https://i.udemycdn.com/course/125_H/2394664_12d4.jpg", "image_240x135": "https://i.udemycdn.com/course/240x135/2394664_12d4.jpg", "is_practice_test_course": false, "image_480x270": "https://i.udemycdn.com/course/480x270/2394664_12d4.jpg", "published_title": "o-poder-dassuas-palavras", "predictive_score": null, "relevancy_score": 0, "input_features": null, "lecture_search_result": null, "curriculum_lectures": [], "order_in_results": null}, {"_class": "course", "id": 2581928, "title": "Como vender no LinkedIn", "url": "/course/como-vender-no-linkedin/", "is_paid": false, "price": "Free", "price_detail": null, "visible_instructors": [{"_class": "user", "title": "Rodrigo Caminitti", "name": "Rodrigo", "display_name": "Rodrigo Caminitti", "job_title": "CEO na WebSnap Vídeos", "image_50x50": "https://i.udemycdn.com/user/50x50/63587924_7690.jpg", "image_100x100": "https://i.udemycdn.com/user/100x100/63587924_7690.jpg", "initials": "RC", "url": "/user/rodrigo-de-melo-caminitti/"}], "image_125_H": "https://i.udemycdn.com/course/125_H/2581928_23f5_2.jpg", "image_240x135": "https://i.udemycdn.com/course/240x135/2581928_23f5_2.jpg", "is_practice_test_course": false, "image_480x270": "https://i.udemycdn.com/course/480x270/2581928_23f5_2.jpg", "published_title": "como-vender-no-linkedin", "predictive_score": null, "relevancy_score": 0, "input_features": null, "lecture_search_result": null, "curriculum_lectures": [], "order_in_results": null}, {"_class": "course", "id": 2600780, "title": "Investir com Robôs de Investimento", "url": "/course/investir-com-robos-de-investimento/", "is_paid": false, "price": "Free", "price_detail": null, "visible_instructors": [{"_class": "user", "title": "Olavo Ferenshitz", "name": "Olavo", "display_name": "Olavo Ferenshitz", "job_title": "Especialista em Investimentos", "image_50x50": "https://i.udemycdn.com/user/50x50/83779786_ca50.jpg", "image_100x100": "https://i.udemycdn.com/user/100x100/83779786_ca50.jpg", "initials": "OF", "url": "/user/olavo-ferenshitz/"}], "image_125_H": "https://i.udemycdn.com/course/125_H/2600780_633f_2.jpg", "image_240x135": "https://i.udemycdn.com/course/240x135/2600780_633f_2.jpg", "is_practice_test_course": false, "image_480x270": "https://i.udemycdn.com/course/480x270/2600780_633f_2.jpg", "published_title": "investir-com-robos-de-investimento", "predictive_score": null, "relevancy_score": 0, "input_features": null, "lecture_search_result": null, "curriculum_lectures": [], "order_in_results": null}, {"_class": "course", "id": 2393260, "title": "Aprenda a desenvolver jogos e aplicativos", "url": "/course/desenvolvendo-jogos-e-aplicativos-profissionais-de-alto-nivel/", "is_paid": false, "price": "Free", "price_detail": null, "visible_instructors": [{"_class": "user", "title": "João Lázaro Brito Dias", "name": "João Lázaro", "display_name": "João Lázaro Brito Dias", "job_title": "Engenheiro da Udemy", "image_50x50": "https://i.udemycdn.com/user/50x50/29347536_92c4_2.jpg", "image_100x100": "https://i.udemycdn.com/user/100x100/29347536_92c4_2.jpg", "initials": "JB", "url": "/user/joao-lazaro-brito-dias/"}], "image_125_H": "https://i.udemycdn.com/course/125_H/2393260_1bdb.jpg", "image_240x135": "https://i.udemycdn.com/course/240x135/2393260_1bdb.jpg", "is_practice_test_course": false, "image_480x270": "https://i.udemycdn.com/course/480x270/2393260_1bdb.jpg", "published_title": "desenvolvendo-jogos-e-aplicativos-profissionais-de-alto-nivel", "predictive_score": null, "relevancy_score": 0, "input_features": null, "lecture_search_result": null, "curriculum_lectures": [], "order_in_results": null}, {"_class": "course", "id": 2628024, "title": "Quem é Jesus ?", "url": "/course/quem-e-jesus/", "is_paid": false, "price": "Free", "price_detail": null, "visible_instructors": [{"_class": "user", "title": "José Gilberto Costa Júnior", "name": "José Gilberto", "display_name": "José Gilberto Costa Júnior", "job_title": "Pastor", "image_50x50": "https://i.udemycdn.com/user/50x50/81143596_cbbc.jpg", "image_100x100": "https://i.udemycdn.com/user/100x100/81143596_cbbc.jpg", "initials": "JC", "url": "/user/jose-gilberto-costa-junior/"}], "image_125_H": "https://i.udemycdn.com/course/125_H/2628024_9d8f.jpg", "image_240x135": "https://i.udemycdn.com/course/240x135/2628024_9d8f.jpg", "is_practice_test_course": false, "image_480x270": "https://i.udemycdn.com/course/480x270/2628024_9d8f.jpg", "published_title": "quem-e-jesus", "predictive_score": null, "relevancy_score": 0, "input_features": null, "lecture_search_result": null, "curriculum_lectures": [], "order_in_results": null}, {"_class": "course", "id": 2551695, "title": "Giotto e a Capela da Arena", "url": "/course/giottocapela/", "is_paid": false, "price": "Free", "price_detail": null, "visible_instructors": [{"_class": "user", "title": "Gabriel Soares", "name": "Gabriel", "display_name": "Gabriel Soares", "job_title": "Professor e Life Coach", "image_50x50": "https://i.udemycdn.com/user/50x50/78147436_9a25.jpg", "image_100x100": "https://i.udemycdn.com/user/100x100/78147436_9a25.jpg", "initials": "GS", "url": "/user/gabriel-soares-91/"}], "image_125_H": "https://i.udemycdn.com/course/125_H/2551695_fb9c_3.jpg", "image_240x135": "https://i.udemycdn.com/course/240x135/2551695_fb9c_3.jpg", "is_practice_test_course": false, "image_480x270": "https://i.udemycdn.com/course/480x270/2551695_fb9c_3.jpg", "published_title": "giottocapela", "predictive_score": null, "relevancy_score": 0, "input_features": null, "lecture_search_result": null, "curriculum_lectures": [], "order_in_results": null}, {"_class": "course", "id": 2451584, "title": "Curso basico makehuman", "url": "/course/curso-basico-makehuman/", "is_paid": false, "price": "Free", "price_detail": null, "visible_instructors": [{"_class": "user", "title": "Claudio Veronica da Silva Junior", "name": "Claudio Veronica da Silva", "display_name": "Claudio Veronica da Silva Junior", "job_title": "desenvolvedor de games", "image_50x50": "https://i.udemycdn.com/user/50x50/61801222_1aab.jpg", "image_100x100": "https://i.udemycdn.com/user/100x100/61801222_1aab.jpg", "initials": "CJ", "url": "/user/claudio-veronica-da-silva-junior-2/"}], "image_125_H": "https://i.udemycdn.com/course/125_H/2451584_238f.jpg", "image_240x135": "https://i.udemycdn.com/course/240x135/2451584_238f.jpg", "is_practice_test_course": false, "image_480x270": "https://i.udemycdn.com/course/480x270/2451584_238f.jpg", "published_title": "curso-basico-makehuman", "predictive_score": null, "relevancy_score": 0, "input_features": null, "lecture_search_result": null, "curriculum_lectures": [], "order_in_results": null}, {"_class": "course", "id": 2006902, "title": "Calendário do Advento em cartonagem", "url": "/course/calendario-do-advento-em-cartonagem/", "is_paid": false, "price": "Free", "price_detail": null, "visible_instructors": [{"_class": "user", "title": "Dri Schimith", "name": "Dri", "display_name": "Dri Schimith", "job_title": "Artesã | Empreendedora Criativa", "image_50x50": "https://i.udemycdn.com/user/50x50/54229450_68ef_2.jpg", "image_100x100": "https://i.udemycdn.com/user/100x100/54229450_68ef_2.jpg", "initials": "DS", "url": "/user/adriana-rosa-schimith/"}], "image_125_H": "https://i.udemycdn.com/course/125_H/2006902_dd5e_3.jpg", "image_240x135": "https://i.udemycdn.com/course/240x135/2006902_dd5e_3.jpg", "is_practice_test_course": false, "image_480x270": "https://i.udemycdn.com/course/480x270/2006902_dd5e_3.jpg", "published_title": "calendario-do-advento-em-cartonagem", "predictive_score": null, "relevancy_score": 0, "input_features": null, "lecture_search_result": null, "curriculum_lectures": [], "order_in_results": null}, {"_class": "course", "id": 2588020, "title": "Lide com adversários", "url": "/course/lide-com-adversarios/", "is_paid": false, "price": "Free", "price_detail": null, "visible_instructors": [{"_class": "user", "title": "Lucas Lippe", "name": "Lucas", "display_name": "Lucas Lippe", "job_title": "Coach Pessoal / Life Coach", "image_50x50": "https://i.udemycdn.com/user/50x50/82363642_c362_19.jpg", "image_100x100": "https://i.udemycdn.com/user/100x100/82363642_c362_19.jpg", "initials": "LL", "url": "/user/lucas-ferreira-lippe/"}], "image_125_H": "https://i.udemycdn.com/course/125_H/2588020_1b31_16.jpg", "image_240x135": "https://i.udemycdn.com/course/240x135/2588020_1b31_16.jpg", "is_practice_test_course": false, "image_480x270": "https://i.udemycdn.com/course/480x270/2588020_1b31_16.jpg", "published_title": "lide-com-adversarios", "predictive_score": null, "relevancy_score": 0, "input_features": null, "lecture_search_result": null, "curriculum_lectures": [], "order_in_results": null}, {"_class": "course", "id": 2581590, "title": "O Guia Completo da Inteligência Financeira", "url": "/course/inteligencia-financeira-o-guia-para-a-vida-inteira/", "is_paid": false, "price": "Free", "price_detail": null, "visible_instructors": [{"_class": "user", "title": "Gabriel Orcioli", "name": "Gabriel", "display_name": "Gabriel Orcioli", "job_title": "Empresário", "image_50x50": "https://i.udemycdn.com/user/50x50/56890424_daa0_3.jpg", "image_100x100": "https://i.udemycdn.com/user/100x100/56890424_daa0_3.jpg", "initials": "GO", "url": "/user/gabriel-orcioli/"}], "image_125_H": "https://i.udemycdn.com/course/125_H/2581590_6d1c_2.jpg", "image_240x135": "https://i.udemycdn.com/course/240x135/2581590_6d1c_2.jpg", "is_practice_test_course": false, "image_480x270": "https://i.udemycdn.com/course/480x270/2581590_6d1c_2.jpg", "published_title": "inteligencia-financeira-o-guia-para-a-vida-inteira", "predictive_score": null, "relevancy_score": 0, "input_features": null, "lecture_search_result": null, "curriculum_lectures": [], "order_in_results": null}, {"_class": "course", "id": 2623502, "title": "Como criar um robô de pesquisa no Xamarin Forms", "url": "/course/como-criar-um-robo-de-pesquisa-no-xamarin-forms/", "is_paid": false, "price": "Free", "price_detail": null, "visible_instructors": [{"_class": "user", "title": "Danilo Filitto, M.e", "name": "Danilo", "display_name": "Danilo Filitto, M.e", "job_title": "Professor", "image_50x50": "https://i.udemycdn.com/user/50x50/32177858_4b60_2.jpg", "image_100x100": "https://i.udemycdn.com/user/100x100/32177858_4b60_2.jpg", "initials": "DF", "url": "/user/danilo-filitto/"}], "image_125_H": "https://i.udemycdn.com/course/125_H/2623502_bbcc_2.jpg", "image_240x135": "https://i.udemycdn.com/course/240x135/2623502_bbcc_2.jpg", "is_practice_test_course": false, "image_480x270": "https://i.udemycdn.com/course/480x270/2623502_bbcc_2.jpg", "published_title": "como-criar-um-robo-de-pesquisa-no-xamarin-forms", "predictive_score": null, "relevancy_score": 0, "input_features": null, "lecture_search_result": null, "curriculum_lectures": [], "order_in_results": null}, {"_class": "course", "id": 2596010, "title": "Descubra Como Começar a Investir em 7 dias, grátis!", "url": "/course/descubra-como-comecar-a-investir-em-7-dias-gratis/", "is_paid": false, "price": "Free", "price_detail": null, "visible_instructors": [{"_class": "user", "title": "Instituto 360", "name": "Instituto", "display_name": "Instituto 360", "job_title": "Centro de treinamentos de alta performance", "image_50x50": "https://i.udemycdn.com/user/50x50/82681636_6a04_2.jpg", "image_100x100": "https://i.udemycdn.com/user/100x100/82681636_6a04_2.jpg", "initials": "I3", "url": "/user/instituto-360/"}], "image_125_H": "https://i.udemycdn.com/course/125_H/2596010_8a73.jpg", "image_240x135": "https://i.udemycdn.com/course/240x135/2596010_8a73.jpg", "is_practice_test_course": false, "image_480x270": "https://i.udemycdn.com/course/480x270/2596010_8a73.jpg", "published_title": "descubra-como-comecar-a-investir-em-7-dias-gratis", "predictive_score": null, "relevancy_score": 0, "input_features": null, "lecture_search_result": null, "curriculum_lectures": [], "order_in_results": null}, {"_class": "course", "id": 2567486, "title": "Aprenda a Usar o MaxproERP", "url": "/course/aprenda-a-usar-o-maxproerp/", "is_paid": false, "price": "Free", "price_detail": null, "visible_instructors": [{"_class": "user", "title": "Sismais Tecnologia", "name": "Sismais", "display_name": "Sismais Tecnologia", "job_title": "Software House", "image_50x50": "https://i.udemycdn.com/user/50x50/81670249_162f_4.jpg", "image_100x100": "https://i.udemycdn.com/user/100x100/81670249_162f_4.jpg", "initials": "ST", "url": "/user/sismais-tecnologia/"}], "image_125_H": "https://i.udemycdn.com/course/125_H/2567486_f6e4_2.jpg", "image_240x135": "https://i.udemycdn.com/course/240x135/2567486_f6e4_2.jpg", "is_practice_test_course": false, "image_480x270": "https://i.udemycdn.com/course/480x270/2567486_f6e4_2.jpg", "published_title": "aprenda-a-usar-o-maxproerp", "predictive_score": null, "relevancy_score": 0, "input_features": null, "lecture_search_result": null, "curriculum_lectures": [], "order_in_results": null}, {"_class": "course", "id": 2632946, "title": "O INVESTIDOR 360˚ - Aprenda a Investir do Básico ao Avançado", "url": "/course/o-investidor-360-por-bruno-nunes-nomadetrader/", "is_paid": false, "price": "Free", "price_detail": null, "visible_instructors": [{"_class": "user", "title": "Bruno Azevedo Nunes", "name": "Bruno Azevedo", "display_name": "Bruno Azevedo Nunes", "job_title": "Trader e Investidor profissional", "image_50x50": "https://i.udemycdn.com/user/50x50/85473550_856f.jpg", "image_100x100": "https://i.udemycdn.com/user/100x100/85473550_856f.jpg", "initials": "BN", "url": "/user/bruno-azevedo-nunes/"}], "image_125_H": "https://i.udemycdn.com/course/125_H/2632946_e0ce_3.jpg", "image_240x135": "https://i.udemycdn.com/course/240x135/2632946_e0ce_3.jpg", "is_practice_test_course": false, "image_480x270": "https://i.udemycdn.com/course/480x270/2632946_e0ce_3.jpg", "published_title": "o-investidor-360-por-bruno-nunes-nomadetrader", "predictive_score": null, "relevancy_score": 0, "input_features": null, "lecture_search_result": null, "curriculum_lectures": [], "order_in_results": null}, {"_class": "course", "id": 2629488, "title": "Construct 2: Crie o jogo \"Color Defend\"", "url": "/course/construct-2-crie-o-jogo-color-defend/", "is_paid": false, "price": "Free", "price_detail": null, "visible_instructors": [{"_class": "user", "title": "Christian Moura dos Santos", "name": "Christian", "display_name": "Christian Moura dos Santos", "job_title": "Desenvolvedor de Jogos", "image_50x50": "https://i.udemycdn.com/user/50x50/35085716_7178_2.jpg", "image_100x100": "https://i.udemycdn.com/user/100x100/35085716_7178_2.jpg", "initials": "CM", "url": "/user/chris-zerotani/"}], "image_125_H": "https://i.udemycdn.com/course/125_H/2629488_d766_3.jpg", "image_240x135": "https://i.udemycdn.com/course/240x135/2629488_d766_3.jpg", "is_practice_test_course": false, "image_480x270": "https://i.udemycdn.com/course/480x270/2629488_d766_3.jpg", "published_title": "construct-2-crie-o-jogo-color-defend", "predictive_score": null, "relevancy_score": 0, "input_features": null, "lecture_search_result": null, "curriculum_lectures": [], "order_in_results": null}, {"_class": "course", "id": 2572054, "title": "Curso SQL Completo 2019  + Desafios + Muita Prática", "url": "/course/curso-sql-completo-desafios-e-muita-pratica/", "is_paid": false, "price": "Free", "price_detail": null, "visible_instructors": [{"_class": "user", "title": "Jhonatan de Souza", "name": "Jhonatan", "display_name": "Jhonatan de Souza", "job_title": "Desenvolvedor de Software e Criador de Conteúdo @DevAprender", "image_50x50": "https://i.udemycdn.com/user/50x50/82588440_b267_2.jpg", "image_100x100": "https://i.udemycdn.com/user/100x100/82588440_b267_2.jpg", "initials": "JD", "url": "/user/jhonatan-de-souza-5/"}], "image_125_H": "https://i.udemycdn.com/course/125_H/2572054_7a07_4.jpg", "image_240x135": "https://i.udemycdn.com/course/240x135/2572054_7a07_4.jpg", "is_practice_test_course": false, "image_480x270": "https://i.udemycdn.com/course/480x270/2572054_7a07_4.jpg", "published_title": "curso-sql-completo-desafios-e-muita-pratica", "predictive_score": null, "relevancy_score": 0, "input_features": null, "lecture_search_result": null, "curriculum_lectures": [], "order_in_results": null}, {"_class": "course", "id": 2621430, "title": "Aprenda a Meditar", "url": "/course/aprenda-a-meditar/", "is_paid": false, "price": "Free", "price_detail": null, "visible_instructors": [{"_class": "user", "title": "Juliana Finamore", "name": "Juliana", "display_name": "Juliana Finamore", "job_title": "Webdesigner", "image_50x50": "https://i.udemycdn.com/user/50x50/10006078_0c75.jpg", "image_100x100": "https://i.udemycdn.com/user/100x100/10006078_0c75.jpg", "initials": "JF", "url": "/user/julianafinamore/"}], "image_125_H": "https://i.udemycdn.com/course/125_H/2621430_990a.jpg", "image_240x135": "https://i.udemycdn.com/course/240x135/2621430_990a.jpg", "is_practice_test_course": false, "image_480x270": "https://i.udemycdn.com/course/480x270/2621430_990a.jpg", "published_title": "aprenda-a-meditar", "predictive_score": null, "relevancy_score": 0, "input_features": null, "lecture_search_result": null, "curriculum_lectures": [], "order_in_results": null}, {"_class": "course", "id": 2480282, "title": "A \"Física\" dos Concursos. (Cinemática)", "url": "/course/a-fisica-dos-concursos-cinematica/", "is_paid": false, "price": "Free", "price_detail": null, "visible_instructors": [{"_class": "user", "title": "Caio Cesar Barroso Tavares", "name": "Caio Cesar Barroso", "display_name": "Caio Cesar Barroso Tavares", "job_title": "Físico", "image_50x50": "https://i.udemycdn.com/user/50x50/78059178_e92a.jpg", "image_100x100": "https://i.udemycdn.com/user/100x100/78059178_e92a.jpg", "initials": "CT", "url": "/user/caio-cesar-barroso-tavares/"}], "image_125_H": "https://i.udemycdn.com/course/125_H/2480282_5bb2.jpg", "image_240x135": "https://i.udemycdn.com/course/240x135/2480282_5bb2.jpg", "is_practice_test_course": false, "image_480x270": "https://i.udemycdn.com/course/480x270/2480282_5bb2.jpg", "published_title": "a-fisica-dos-concursos-cinematica", "predictive_score": null, "relevancy_score": 0, "input_features": null, "lecture_search_result": null, "curriculum_lectures": [], "order_in_results": null}, {"_class": "course", "id": 2372164, "title": "Treinamento de Representantes", "url": "/course/representantesizettle/", "is_paid": false, "price": "Free", "price_detail": null, "visible_instructors": [{"_class": "user", "title": "Leonardo Borges", "name": "Leonardo", "display_name": "Leonardo Borges", "job_title": "Assistente Comercial", "image_50x50": "https://i.udemycdn.com/user/50x50/72832222_959a.jpg", "image_100x100": "https://i.udemycdn.com/user/100x100/72832222_959a.jpg", "initials": "LB", "url": "/user/leonardo-borges-30/"}], "image_125_H": "https://i.udemycdn.com/course/125_H/2372164_b461_4.jpg", "image_240x135": "https://i.udemycdn.com/course/240x135/2372164_b461_4.jpg", "is_practice_test_course": false, "image_480x270": "https://i.udemycdn.com/course/480x270/2372164_b461_4.jpg", "published_title": "representantesizettle", "predictive_score": null, "relevancy_score": 0, "input_features": null, "lecture_search_result": null, "curriculum_lectures": [], "order_in_results": null}], "aggregations": [{"options": [{"count": 8189, "value": "price-paid", "key": "price", "title": "Paid"}, {"count": 841, "value": "price-free", "key": "price", "title": "Free"}], "id": "price", "title": "Price"}, {"options": [{"count": 4271, "value": "all", "key": "instructional_level", "title": "All Levels"}, {"count": 3393, "value": "beginner", "key": "instructional_level", "title": "Beginner"}, {"count": 1168, "value": "intermediate", "key": "instructional_level", "title": "Intermediate"}, {"count": 188, "value": "expert", "key": "instructional_level", "title": "Expert"}], "id": "instructional_level", "title": "Level"}, {"options": [{"count": 6502, "value": "true", "key": "has_closed_caption", "title": "Captions"}, {"count": 1636, "value": "true", "key": "has_simple_quiz", "title": "Quizzes"}, {"count": 21, "value": "true", "key": "has_coding_exercises", "title": "Coding Exercises"}], "id": "features", "title": "Features"}, {"options": [{"count": 9030, "value": "pt", "key": "language", "title": "Português"}], "id": "language", "title": "Language"}, {"options": [{"count": 2702, "value": "4.5", "key": "ratings", "title": "4.5 & up"}, {"count": 6033, "value": "4.0", "key": "ratings", "title": "4.0 & up"}, {"count": 7177, "value": "3.5", "key": "ratings", "title": "3.5 & up"}, {"count": 7562, "value": "3.0", "key": "ratings", "title": "3.0 & up"}], "id": "ratings", "title": "Ratings"}, {"options": [{"count": 4247, "value": "short", "key": "duration", "title": "0-2 Hours"}, {"count": 2841, "value": "medium", "key": "duration", "title": "3-6 Hours"}, {"count": 1552, "value": "long", "key": "duration", "title": "7-16 Hours"}, {"count": 390, "value": "extraLong", "key": "duration", "title": "17+ Hours"}], "id": "duration", "title": "Duration"}]}